scene_id,timestamp,valid_pct,pct_water,zscore,flag_outlier,year,aoi_name
LC08_120064_20150529,2015-05-29 02:46:48.016,0.058274951713733855,0.15742022636271025,-1.884413437784435,False,2015,Titik_02
LC08_120064_20150614,2015-06-14 02:47:00.332,0.9755082915233316,0.48612898433124996,0.1665717499387783,False,2015,Titik_02
LC08_120064_20150630,2015-06-30 02:47:07.010,0.41150413147578824,0.3876672456860663,-0.4477823328875567,False,2015,Titik_02
LC08_120064_20150716,2015-07-16 02:47:16.845,0.07917347626830018,0.5228973699949891,0.3959888632486742,False,2015,Titik_02
LC08_120064_20150801,2015-08-01 02:47:20.799,0.9958342381055786,0.4899210276688881,0.19023228385568944,False,2015,Titik_02
LC08_120064_20150817,2015-08-17 02:47:27.237,0.41161613275580283,0.68611565974317,1.4143928045001386,False,2015,Titik_02
LC08_120064_20150902,2015-09-02 02:47:32.346,0.9622772831689504,0.48587869575652337,0.16501006912871083,False,2015,Titik_02
20170802T023549_20170802T025545_T49MDP,2017-08-02 02:59:37.140,1.0,0.4924322402463411,0.0,False,2017,Titik_02
20180716T024551_20180716T030223_T49MDP,2018-07-16 03:09:34.192,1.0,0.4936796927081677,0.9144029319304137,False,2018,Titik_02
20180728T023549_20180728T025431_T49MDP,2018-07-28 02:59:35.072,1.0,0.49271692962128155,0.15345429512909153,False,2018,Titik_02
20180815T024551_20180815T025247_T49MDP,2018-08-15 03:09:32.295,1.0,0.4911717088346399,-1.067857227059637,False,2018,Titik_02
20190504T023559_20190504T025011_T49MDP,2019-05-04 02:59:45.000,1.0,0.49616012190089176,-0.16073737374221966,False,2019,Titik_02
20190519T023551_20190519T025224_T49MDP,2019-05-19 02:59:41.000,1.0,0.4918968921621533,-0.1972523802218154,False,2019,Titik_02
20190522T024551_20190522T030920_T49MDP,2019-05-22 03:09:36.000,1.0,0.4917000730135548,-0.19893815671682333,False,2019,Titik_02
20190601T024551_20190601T030535_T49MDP,2019-06-01 03:09:35.000,1.0,0.49280353004666483,-0.1894869323673957,False,2019,Titik_02
20190611T024551_20190611T030902_T49MDP,2019-06-11 03:09:35.000,1.0,0.4933863686867081,-0.18449485874669597,False,2019,Titik_02
20190618T023551_20190618T025810_T49MDP,2019-06-18 02:59:41.000,0.6904568108948924,0.5626075608018799,0.4083918570789451,False,2019,Titik_02
20190626T024559_20190626T030407_T49MDP,2019-06-26 03:09:41.000,1.0,0.49419193041490717,-0.1775951386922924,False,2019,Titik_02
20190628T023551_20190628T025623_T49MDP,2019-06-28 02:59:42.579,1.0,0.49220139043204947,-0.19464432084437877,False,2019,Titik_02
20190701T024551_20190701T030625_T49MDP,2019-07-01 03:09:37.881,1.0,0.49706053776070575,-0.15302521817699608,False,2019,Titik_02
20190706T024559_20190706T030606_T49MDP,2019-07-06 03:09:41.000,0.6315143011332973,0.6520664738151281,1.1746167589776135,False,2019,Titik_02
20190708T023551_20190708T025237_T49MDP,2019-07-08 02:59:43.000,0.0021733913209104477,1.0,4.154703627781627,True,2019,Titik_02
20190711T024551_20190711T030831_T49MDP,2019-07-11 03:09:38.000,1.0,0.4940987270245386,-0.1783934354325087,False,2019,Titik_02
20190713T023559_20190713T025544_T49MDP,2019-07-13 02:59:46.815,1.0,0.4928855591885969,-0.1887843442281857,False,2019,Titik_02
20190718T023551_20190718T025226_T49MDP,2019-07-18 02:59:43.212,1.0,0.49465096346147713,-0.17366347286683986,False,2019,Titik_02
20190721T024551_20190721T030846_T49MDP,2019-07-21 03:09:38.245,1.0,0.4941910415542361,-0.1776027518764632,False,2019,Titik_02
20190723T023559_20190723T025812_T49MDP,2019-07-23 02:59:46.550,1.0,0.49281241865337577,-0.1894108005256853,False,2019,Titik_02
20190726T024559_20190726T030407_T49MDP,2019-07-26 03:09:41.468,0.8639831116472494,0.5170341084907083,0.018050494210610148,False,2019,Titik_02
20190728T023551_20190728T025707_T49MDP,2019-07-28 02:59:42.876,0.1126449319069236,0.42318366499713633,-0.7857883233743893,False,2019,Titik_02
20190731T024551_20190731T030806_T49MDP,2019-07-31 03:09:37.796,1.0,0.4910640297133421,-0.2043859337900433,False,2019,Titik_02
20190802T023559_20190802T024924_T49MDP,2019-08-02 02:59:45.888,1.0,0.49181283133868736,-0.19797236992484463,False,2019,Titik_02
20190805T024559_20190805T030500_T49MDP,2019-08-05 03:09:40.701,1.0,0.4906035998857176,-0.2083295631906215,False,2019,Titik_02
20190807T023551_20190807T025153_T49MDP,2019-08-07 02:59:39.837,1.0,0.49481286308371136,-0.17227678574997893,False,2019,Titik_02
20190810T024551_20190810T030903_T49MDP,2019-08-10 03:09:36.938,1.0,0.4913159582235481,-0.20222813987643423,False,2019,Titik_02
20190812T023559_20190812T025542_T49MDP,2019-08-12 02:59:44.781,1.0,0.4931063775753148,-0.18689301176056136,False,2019,Titik_02
20190815T024549_20190815T025848_T49MDP,2019-08-15 03:09:39.495,0.9897612139297164,0.48683379520056536,-0.2406183327247445,False,2019,Titik_02
20190817T023551_20190817T025810_T49MDP,2019-08-17 02:59:41.034,1.0,0.49122999269864415,-0.20296444354554388,False,2019,Titik_02
20190820T024551_20190820T030126_T49MDP,2019-08-20 03:09:35.698,1.0,0.4903024030983141,-0.2109093450268516,False,2019,Titik_02
20190825T024549_20190825T030215_T49MDP,2019-08-25 03:09:37.873,1.0,0.48717780387924153,-0.23767186258339693,False,2019,Titik_02
20190901T023549_20190901T025007_T49MDP,2019-09-01 02:59:41.431,1.0,0.4936843909717149,-0.18194226685393355,False,2019,Titik_02
20190904T024549_20190904T030307_T49MDP,2019-09-04 03:09:35.869,1.0,0.4904869051776131,-0.20932906551249986,False,2019,Titik_02
20190906T023551_20190906T025231_T49MDP,2019-09-06 02:59:37.481,1.0,0.4922655153804638,-0.19409508398632794,False,2019,Titik_02
20190909T024551_20190909T030858_T49MDP,2019-09-09 03:09:31.885,1.0,0.48826259483825873,-0.22838051510155993,False,2019,Titik_02
20190911T023549_20190911T025344_T49MDP,2019-09-11 02:59:39.066,1.0,0.49313977334052855,-0.18660697355527975,False,2019,Titik_02
20190914T024549_20190914T030403_T49MDP,2019-09-14 03:09:33.394,1.0,0.48869356528364144,-0.22468920837636325,False,2019,Titik_02
20190916T023551_20190916T025220_T49MDP,2019-09-16 02:59:37.181,0.3767888003555443,0.9933029252598196,4.097342485521349,True,2019,Titik_02
20190919T024551_20190919T025704_T49MDP,2019-09-19 03:09:32.849,0.4657726421383449,0.5518943337892492,0.3166319525565701,False,2019,Titik_02
20190921T023549_20190921T025803_T49MDP,2019-09-21 02:59:37.355,1.0,0.49136941684390945,-0.20177026122843492,False,2019,Titik_02
20190924T024549_20190924T030840_T49MDP,2019-09-24 03:09:32.847,1.0,0.48340636805180753,-0.26997460302095166,False,2019,Titik_02
20190926T023551_20190926T025807_T49MDP,2019-09-26 02:59:38.979,1.0,0.48966521697723847,-0.21636691047972095,False,2019,Titik_02
20191004T024549_20191004T030641_T49MDP,2019-10-04 03:09:33.849,1.0,0.47613688454334746,-0.3322384859646101,False,2019,Titik_02
20191006T023551_20191006T025154_T49MDP,2019-10-06 02:59:39.813,0.8917080727595948,0.4576690621380814,-0.4904173072147794,False,2019,Titik_02
20191009T024621_20191009T030737_T49MDP,2019-10-09 03:09:35.675,1.0,0.28103209421923103,-2.0033313239014796,True,2019,Titik_02
20191021T023729_20191021T025654_T49MDP,2019-10-21 02:59:39.188,1.0,0.48964642392304975,-0.21652787494505044,False,2019,Titik_02
20200521T024549_20200521T030558_T49MDP,2020-05-21 03:09:33.381,0.9670741881210118,0.48434226833063426,0.1801509935204408,False,2020,Titik_02
20200612T023601_20200612T025813_T49MDP,2020-06-12 02:59:44.272,0.8565297609599696,0.502472932047207,0.3529806460578052,False,2020,Titik_02
20200630T024549_20200630T030926_T49MDP,2020-06-30 03:09:36.736,1.0,0.49321215199517443,0.26470271957711394,False,2020,Titik_02
20200705T024551_20200705T030848_T49MDP,2020-07-05 03:09:37.715,0.8649860004444306,0.512281168197874,0.4464771706430961,False,2020,Titik_02
20200717T023549_20200717T025309_T49MDP,2020-07-17 02:59:39.246,0.8314486524237326,0.48172473686252665,0.15519950463892007,False,2020,Titik_02
20200720T024549_20200720T030400_T49MDP,2020-07-20 03:09:34.767,1.0,0.4929387638487664,0.2620966606324353,False,2020,Titik_02
20200722T023551_20200722T025700_T49MDP,2020-07-22 02:59:43.321,1.0,0.48864912225008694,0.22120586487342944,False,2020,Titik_02
20200725T024551_20200725T030542_T49MDP,2020-07-25 03:09:38.625,1.0,0.4911974857941015,0.2454980139494908,False,2020,Titik_02
20200727T023549_20200727T025129_T49MDP,2020-07-27 02:59:40.446,1.0,0.48907183898923806,0.22523539122123962,False,2020,Titik_02
20200730T024549_20200730T030622_T49MDP,2020-07-30 03:09:35.817,1.0,0.49112167867686707,0.24477538636473728,False,2020,Titik_02
20200801T023551_20200801T025925_T49MDP,2020-08-01 02:59:43.865,1.0,0.49203949080981524,0.2535243849955494,False,2020,Titik_02
20200814T024551_20200814T030430_T49MDP,2020-08-14 03:09:39.025,0.8392562775784902,0.505321796751872,0.3801373075419164,False,2020,Titik_02
20200816T023549_20200816T025908_T49MDP,2020-08-16 02:59:41.548,1.0,0.4914251611059963,0.24766831756668,False,2020,Titik_02
20200819T024549_20200819T025942_T49MDP,2020-08-19 03:09:36.681,1.0,0.49437554363353514,0.2757926926617157,False,2020,Titik_02
20200821T023551_20200821T025827_T49MDP,2020-08-21 02:59:43.701,1.0,0.48795962032951296,0.21463322201713286,False,2020,Titik_02
20200824T024551_20200824T025955_T49MDP,2020-08-24 03:09:38.603,1.0,0.49013390051109457,0.2353594399965738,False,2020,Titik_02
20200826T023549_20200826T024916_T49MDP,2020-08-26 02:59:41.456,1.0,0.4897727691184403,0.2319169729094082,False,2020,Titik_02
20200829T024549_20200829T030746_T49MDP,2020-08-29 03:09:36.444,1.0,0.4912152630075233,0.24566747435462535,False,2020,Titik_02
20200831T023551_20200831T025319_T49MDP,2020-08-31 02:59:42.958,1.0,0.4889546363607501,0.22411816297881595,False,2020,Titik_02
20200910T023551_20200910T025814_T49MDP,2020-09-10 02:59:41.769,0.9848461953588775,0.48816687540532,0.21660887074672652,False,2020,Titik_02
20200915T023549_20200915T025906_T49MDP,2020-09-15 02:59:39.940,1.0,0.4906131233929078,0.23992760834641907,False,2020,Titik_02
20200918T024549_20200918T025940_T49MDP,2020-09-18 03:09:34.821,0.6898704168121653,0.36821156754721085,-0.9268591512308244,False,2020,Titik_02
20200920T023551_20200920T025906_T49MDP,2020-09-20 02:59:42.890,0.0,0.0,-4.4368176543634545,True,2020,Titik_02
20210511T024551_20210511T025920_T49MDP,2021-05-11 03:09:32.471,1.0,0.4926109012412302,0.01685444044558979,False,2021,Titik_02
20210516T024549_20210516T025931_T49MDP,2021-05-16 03:09:32.355,0.9308303863369416,0.4745857042987759,-0.11106782433272769,False,2021,Titik_02
20210521T024551_20210521T025921_T49MDP,2021-05-21 03:09:33.521,0.5072312624996035,0.6535982032975354,1.1593584777296115,False,2021,Titik_02
20210605T024549_20210605T030737_T49MDP,2021-06-05 03:09:34.106,0.7852984984603667,0.4189091804378483,-0.5061962132214499,False,2021,Titik_02
20210607T023551_20210607T025518_T49MDP,2021-06-07 02:59:38.789,1.0,0.49465705850607894,0.03137572818783732,False,2021,Titik_02
20210705T024549_20210705T030737_T49MDP,2021-07-05 03:09:34.619,1.0,0.49628799085743286,0.04295022364280974,False,2021,Titik_02
20210707T023551_20210707T025715_T49MDP,2021-07-07 02:59:40.685,1.0,0.4939412717056599,0.02629589084124108,False,2021,Titik_02
20210710T024551_20210710T025924_T49MDP,2021-07-10 03:09:36.023,0.07182616424875402,0.9977379543990752,3.6016694550631705,True,2021,Titik_02
20210720T024551_20210720T025924_T49MDP,2021-07-20 03:09:36.478,1.0,0.4932158344179547,0.021147565355857947,False,2021,Titik_02
20210725T024549_20210725T030738_T49MDP,2021-07-25 03:09:35.107,1.0,0.4948462588489252,0.032718456171947276,False,2021,Titik_02
20210727T023551_20210727T024855_T49MDP,2021-07-27 02:59:41.422,0.9702072950065077,0.4998501845194098,0.06823060655756173,False,2021,Titik_02
20210730T024551_20210730T030322_T49MDP,2021-07-30 03:09:36.405,0.4249123519888258,0.2285261280893337,-1.8573177188328556,False,2021,Titik_02
20210801T023549_20210801T025917_T49MDP,2021-08-01 02:59:39.628,1.0,0.49222894511285326,0.014143752005184728,False,2021,Titik_02
20210811T023549_20210811T024906_T49MDP,2021-08-11 02:59:38.677,1.0,0.4947395955683944,0.03196148200640878,False,2021,Titik_02
20210814T024549_20210814T025932_T49MDP,2021-08-14 03:09:33.370,1.0,0.49058404495095365,0.00247012898091565,False,2021,Titik_02
20210816T023551_20210816T024857_T49MDP,2021-08-16 02:59:40.494,0.983326497571506,0.4893274988025161,-0.006447400720411369,False,2021,Titik_02
20210826T023551_20210826T024856_T49MDP,2021-08-26 02:59:39.928,1.0,0.4906747087394048,0.0031135570216231745,False,2021,Titik_02
20210910T023549_20210910T025912_T49MDP,2021-09-10 02:59:34.428,1.0,0.4906985809974283,0.0032829750491482693,False,2021,Titik_02
20210918T024551_20210918T025923_T49MDP,2021-09-18 03:09:35.195,1.0,0.4865098885749656,-0.026443580663493553,False,2021,Titik_02
20210920T023549_20210920T025731_T49MDP,2021-09-20 02:59:35.012,1.0,0.4894766515348716,-0.005388884944872149,False,2021,Titik_02
20210928T024551_20210928T030323_T49MDP,2021-09-28 03:09:37.107,1.0,0.4776662328180055,-0.0892057505838461,False,2021,Titik_02
20210930T023549_20210930T025835_T49MDP,2021-09-30 02:59:37.343,1.0,0.4888968604171293,-0.009503580230406317,False,2021,Titik_02
20211005T023551_20211005T025522_T49MDP,2021-10-05 02:59:42.916,1.0,0.490010475857909,-0.0016004094782954047,False,2021,Titik_02
20211008T024621_20211008T025950_T49MDP,2021-10-08 03:09:38.266,1.0,0.1466528681629153,-2.438360626048118,True,2021,Titik_02
20211010T023619_20211010T025904_T49MDP,2021-10-10 02:59:38.894,1.0,0.4896666137582931,-0.00404075000243638,False,2021,Titik_02
20220528T023549_20220528T024905_T49MDP,2022-05-28 02:59:38.153,0.9998704803022126,0.4887423256404555,-0.4393811846008347,False,2022,Titik_02
20220531T024549_20220531T025932_T49MDP,2022-05-31 03:09:33.008,0.6834302403098313,0.5741461884766448,0.9904953099031104,False,2022,Titik_02
20220705T024541_20220705T025914_T49MDP,2022-07-05 03:09:46.189,0.7744427161042506,0.5254464513800713,0.175138638080474,False,2022,Titik_02
20220710T024529_20220710T025916_T49MDP,2022-07-10 03:09:37.792,1.0,0.4914217326434078,-0.3945211400372843,False,2022,Titik_02
20220720T024529_20220720T025916_T49MDP,2022-07-20 03:09:38.005,0.23296250912669428,0.672711008642817,2.640719490171659,True,2022,Titik_02
20220809T024529_20220809T025915_T49MDP,2022-08-09 03:09:37.072,1.0,0.49100079362559884,-0.4015687229825559,False,2022,Titik_02
20220814T024541_20220814T025855_T49MDP,2022-08-14 03:09:45.470,0.5064175740452685,0.46155806881096256,-0.894514343338701,False,2022,Titik_02
20220819T024529_20220819T025913_T49MDP,2022-08-19 03:09:35.024,1.0,0.4906965493158944,-0.4066625416060458,False,2022,Titik_02
20220829T024529_20220829T025912_T49MDP,2022-08-29 03:09:33.720,1.0,0.49140725691247866,-0.394763500355764,False,2022,Titik_02
20220915T023529_20220915T024846_T49MDP,2022-09-15 02:59:39.998,1.0,0.48769550173010345,-0.4569076623688031,False,2022,Titik_02
20220925T023529_20220925T024845_T49MDP,2022-09-25 02:59:38.757,1.0,0.4900173327830859,-0.41803434286524843,False,2022,Titik_02
20230501T024531_20230501T030328_T49MDP,2023-05-01 03:09:29.157,0.8463784641757403,0.5395055122271073,0.452562048244892,False,2023,Titik_02
20230501T024531_20230501T030925_T49MDP,2023-05-01 03:09:35.656,0.8452324688105137,0.5407577826978839,0.4629371246127635,False,2023,Titik_02
20230513T023529_20230513T024836_T49MDP,2023-05-13 02:59:41.114,1.0,0.48501380908542546,0.0010976124830769552,False,2023,Titik_02
20230516T024529_20230516T025857_T49MDP,2023-05-16 03:09:37.299,1.0,0.490202850703152,0.04408888658585929,False,2023,Titik_02
20230521T024531_20230521T030833_T49MDP,2023-05-21 03:09:35.734,1.0,0.4835597600076184,-0.010949202144378037,False,2023,Titik_02
20230526T024529_20230526T025858_T49MDP,2023-05-26 03:09:37.849,0.9223128154661753,0.4889648622483988,0.033832136897716844,False,2023,Titik_02
20230528T023531_20230528T024830_T49MDP,2023-05-28 02:59:41.675,1.0,0.48527945144598544,0.0032984627320190372,False,2023,Titik_02
20230531T024531_20230531T025857_T49MDP,2023-05-31 03:09:36.965,1.0,0.4899656518840669,0.04212369143049402,False,2023,Titik_02
20230610T024531_20230610T025651_T49MDP,2023-06-10 03:09:32.400,1.0,0.49006431541855777,0.042941120036338536,False,2023,Titik_02
20230610T024531_20230610T030928_T49MDP,2023-06-10 03:09:38.878,1.0,0.4898335925843621,0.04102957849602944,False,2023,Titik_02
20230625T024529_20230625T025858_T49MDP,2023-06-25 03:09:37.498,0.9999028602266594,0.48695889019396177,0.017212633569738598,False,2023,Titik_02
20230627T023531_20230627T024830_T49MDP,2023-06-27 02:59:41.694,1.0,0.49135951239643155,0.053671843047433374,False,2023,Titik_02
20230630T024531_20230630T030607_T49MDP,2023-06-30 03:09:37.460,1.0,0.49077667375638834,0.04884301769244058,False,2023,Titik_02
20230705T024529_20230705T025859_T49MDP,2023-07-05 03:09:38.526,1.0,0.4896542966889937,0.03954410978116019,False,2023,Titik_02
20230710T024531_20230710T025859_T49MDP,2023-07-10 03:09:38.380,0.08950699977778485,0.6053579274009149,0.9981501239689321,False,2023,Titik_02
20230712T023529_20230712T024831_T49MDP,2023-07-12 02:59:42.883,1.0,0.48770464429700605,0.02339121555445933,False,2023,Titik_02
20230717T023531_20230717T024831_T49MDP,2023-07-17 02:59:42.673,1.0,0.49067712136122626,0.04801822486492106,False,2023,Titik_02
20230720T024531_20230720T030834_T49MDP,2023-07-20 03:09:37.099,1.0,0.49074175423002414,0.048553708983808515,False,2023,Titik_02
20230722T023539_20230722T024833_T49MDP,2023-07-22 02:59:44.008,1.0,0.4905500142852604,0.04696514116549881,False,2023,Titik_02
20230725T024529_20230725T025859_T49MDP,2023-07-25 03:09:39.112,0.9062028507031522,0.5095870298746098,0.20468705122010236,False,2023,Titik_02
20230727T023531_20230727T025835_T49MDP,2023-07-27 02:59:43.130,1.0,0.4894814767785146,0.0381122946813462,False,2023,Titik_02
20230804T024529_20230804T030444_T49MDP,2023-08-04 03:09:37.745,0.9310277134059238,0.5070409161287324,0.18359246728538414,False,2023,Titik_02
20230821T023529_20230821T025345_T49MDP,2023-08-21 02:59:42.878,1.0,0.4902236754388746,0.04426141977937012,False,2023,Titik_02
20230824T024529_20230824T030226_T49MDP,2023-08-24 03:09:37.246,1.0,0.4874475096028694,0.021260851427257317,False,2023,Titik_02
20230826T023531_20230826T025557_T49MDP,2023-08-26 02:59:44.005,1.0,0.48898117520078693,0.033967289910394174,False,2023,Titik_02
20230829T024531_20230829T030547_T49MDP,2023-08-29 03:09:38.712,1.0,0.49132230722834164,0.05336359776878124,False,2023,Titik_02
20230831T023529_20230831T025334_T49MDP,2023-08-31 02:59:42.767,0.8624740801879305,0.4713924353769993,-0.11175563748024636,False,2023,Titik_02
20230903T024529_20230903T030224_T49MDP,2023-09-03 03:09:37.886,1.0,0.4930262531348208,0.06748081071837676,False,2023,Titik_02
20230905T023531_20230905T025556_T49MDP,2023-09-05 02:59:43.399,1.0,0.49110466334402053,0.05156041549025051,False,2023,Titik_02
20230910T023529_20230910T025226_T49MDP,2023-09-10 02:59:41.959,1.0,0.4888662582140246,0.03301520125107621,False,2023,Titik_02
20230913T024529_20230913T030225_T49MDP,2023-09-13 03:09:36.346,1.0,0.4896040125710292,0.039127505240729686,False,2023,Titik_02
20230915T023531_20230915T025555_T49MDP,2023-09-15 02:59:42.083,1.0,0.4895737913082121,0.03887712170380378,False,2023,Titik_02
20230918T024531_20230918T030548_T49MDP,2023-09-18 03:09:36.190,0.9071019967620074,0.44641143288152757,-0.31872355270688285,False,2023,Titik_02
20230920T023529_20230920T024830_T49MDP,2023-09-20 02:59:41.622,1.0,0.4894766515348716,0.038072317477971726,False,2023,Titik_02
20230930T023529_20230930T024829_T49MDP,2023-09-30 02:59:40.242,1.0,0.4877720707279131,0.02394984437003783,False,2023,Titik_02
20231005T023541_20231005T025838_T49MDP,2023-10-05 02:59:39.280,0.06514840798704805,1.0,4.267764585652654,True,2023,Titik_02
20231010T023619_20231010T024915_T49MDP,2023-10-10 02:59:39.499,1.0,0.47315005872829397,-0.09719370623521138,False,2023,Titik_02
20231013T024649_20231013T030011_T49MDP,2023-10-13 03:09:35.253,1.0,0.3835468080378398,-0.839557748522729,False,2023,Titik_02
20231018T024711_20231018T030041_T49MDP,2023-10-18 03:09:32.550,1.0,0.10823783371956439,-3.1204960122359533,True,2023,Titik_02
20231028T024821_20231028T025537_T49MDP,2023-10-28 03:09:32.991,0.9895089044792228,0.10926528136171763,-3.1119835957891144,True,2023,Titik_02
20231030T023829_20231030T025125_T49MDP,2023-10-30 02:59:40.099,1.0,0.4876943589092406,0.023306000989371543,False,2023,Titik_02
20240502T023551_20240502T025256_T49MDP,2024-05-02 02:59:40.887,1.0,0.4874147487381349,-0.08828032786248598,False,2024,Titik_02
20240507T023529_20240507T025421_T49MDP,2024-05-07 02:59:38.804,0.981520459667947,0.48543545353191137,-0.104839020694175,False,2024,Titik_02
20240515T024551_20240515T030911_T49MDP,2024-05-15 03:09:35.954,0.87242398654011,0.5204154526719001,0.1878020462828783,False,2024,Titik_02
20240616T023529_20240616T025423_T49MDP,2024-06-16 02:59:40.928,0.0216297895304911,1.0,4.199984352924504,True,2024,Titik_02
20240621T023551_20240621T025648_T49MDP,2024-06-21 02:59:42.949,0.860257769594616,0.521325662418051,0.19541681923414447,False,2024,Titik_02
20240714T024531_20240714T030638_T49MDP,2024-07-14 03:09:35.309,1.0,0.4916807720389826,-0.05259097276808106,False,2024,Titik_02
20240716T023529_20240716T025424_T49MDP,2024-07-16 02:59:41.090,1.0,0.49126478524491257,-0.05607109919054989,False,2024,Titik_02
20240719T024529_20240719T030657_T49MDP,2024-07-19 03:09:36.580,1.0,0.4908754642709752,-0.05932814058593761,False,2024,Titik_02
20240724T024551_20240724T030651_T49MDP,2024-07-24 03:09:35.272,0.9895089044792229,0.4962530888298499,-0.014339180397198142,False,2024,Titik_02
20240726T023529_20240726T025546_T49MDP,2024-07-26 02:59:40.701,0.5060881876765819,0.6632004928347682,1.3823351374474004,False,2024,Titik_02
20240729T024529_20240729T025855_T49MDP,2024-07-29 03:09:34.854,1.0,0.4931744389067011,-0.0400950243225672,False,2024,Titik_02
20240731T023551_20240731T025603_T49MDP,2024-07-31 02:59:40.653,0.9639888257515636,0.49231062947603554,-0.04732161436458426,False,2024,Titik_02
20240803T024531_20240803T030547_T49MDP,2024-08-03 03:09:35.675,0.5849887940065398,0.5226863160844166,0.2067999853433819,False,2024,Titik_02
20240810T023551_20240810T025550_T49MDP,2024-08-10 02:59:39.187,1.0,0.49374750007936224,-0.035300820859624125,False,2024,Titik_02
20240813T024531_20240813T030507_T49MDP,2024-08-13 03:09:34.677,1.0,0.4936196311228212,-0.03637056667996166,False,2024,Titik_02
20240815T023529_20240815T025522_T49MDP,2024-08-15 02:59:41.728,1.0,0.4946297577854668,-0.027919893392189973,False,2024,Titik_02
20240818T024529_20240818T030428_T49MDP,2024-08-18 03:09:35.463,1.0,0.49534643344655693,-0.02192421771196561,False,2024,Titik_02
20240820T023551_20240820T025657_T49MDP,2024-08-20 02:59:36.972,1.0,0.495091584394146,-0.02405627318507057,False,2024,Titik_02
20240825T023529_20240825T025519_T49MDP,2024-08-25 02:59:38.538,1.0,0.49404691914542365,-0.0327958946983964,False,2024,Titik_02
20240902T024551_20240902T030315_T49MDP,2024-09-02 03:09:32.825,0.9037226754706202,0.4519018481111273,-0.3853796242160105,False,2024,Titik_02
20240904T023529_20240904T024811_T49MDP,2024-09-04 02:59:40.812,1.0,0.49359779054633157,-0.03655328394023776,False,2024,Titik_02
20240907T024529_20240907T030309_T49MDP,2024-09-07 03:09:35.623,1.0,0.49351144408114006,-0.037275654504119626,False,2024,Titik_02
20240909T023531_20240909T025507_T49MDP,2024-09-09 02:59:37.409,1.0,0.49222894511285326,-0.048004981997080254,False,2024,Titik_02
20240917T024529_20240917T030915_T49MDP,2024-09-17 03:09:30.577,1.0,0.49064880479984735,-0.06122436331612884,False,2024,Titik_02
20240919T023551_20240919T025427_T49MDP,2024-09-19 02:59:38.774,1.0,0.49055001428526046,-0.062050840225983006,False,2024,Titik_02
20240927T024529_20240927T025853_T49MDP,2024-09-27 03:09:32.928,0.9069021300911086,0.47917759137724,-0.1571920082002503,False,2024,Titik_02
20240929T023531_20240929T025850_T49MDP,2024-09-29 02:59:40.175,0.26562890066982014,0.38703673274627515,-0.9280382015931534,False,2024,Titik_02
20241009T023611_20241009T025411_T49MDP,2024-10-09 02:59:35.299,1.0,0.48903374496047713,-0.07473587978968926,False,2024,Titik_02
20241012T024641_20241012T030427_T49MDP,2024-10-12 03:09:31.300,0.7084455731564077,0.41251842660798504,-0.7148595205351355,False,2024,Titik_02
20241027T024719_20241027T030850_T49MDP,2024-10-27 03:09:33.997,1.0,0.14486270277134047,-2.954055018871454,True,2024,Titik_02
20241029T023821_20241029T025815_T49MDP,2024-10-29 02:59:38.706,1.0,0.4893923367512139,-0.0717359173302718,False,2024,Titik_02
20250525T024529_20250525T030054_T49MDP,2025-05-25 03:09:34.415,0.7454540490778068,0.5670988860171323,2.0031322652522503,True,2025,Titik_02
20250530T024611_20250530T025909_T49MDP,2025-05-30 03:09:53.405,1.0,0.486889305101425,-0.4236586869082959,False,2025,Titik_02
20250604T024529_20250604T030654_T49MDP,2025-06-04 03:09:33.530,0.3566176311863116,0.48623514921396227,-0.44345058172776086,False,2025,Titik_02
20250606T023551_20250606T024851_T49MDP,2025-06-06 02:59:58.566,1.0,0.48829141932002124,-0.3812368457673864,False,2025,Titik_02
20250621T023529_20250621T025421_T49MDP,2025-06-21 02:59:38.996,1.0,0.4846289324148436,-0.49204767388070203,False,2025,Titik_02
20250626T023611_20250626T025921_T49MDP,2025-06-26 02:59:58.436,1.0,0.48330567283578263,-0.5320837186669193,False,2025,Titik_02
20250701T023529_20250701T025108_T49MDP,2025-07-01 02:59:40.955,1.0,0.48965188406717214,-0.3400751353903078,False,2025,Titik_02
20250701T025151_20250701T030648_T49MDP,2025-07-01 03:09:50.366,0.8846324878575282,0.5172742689886607,0.4956573673765428,False,2025,Titik_02
20250704T024529_20250704T030657_T49MDP,2025-07-04 03:09:36.419,1.0,0.4900293958921935,-0.3286532794120515,False,2025,Titik_02
20250709T024611_20250709T030856_T49MDP,2025-07-09 03:09:56.081,1.0,0.49086644868416845,-0.303327724548721,False,2025,Titik_02
20250718T024151_20250718T025106_T49MDP,2025-07-18 02:59:57.447,0.9983730040316179,0.4878486397257227,-0.3946334188572557,False,2025,Titik_02
20250721T023529_20250721T025423_T49MDP,2025-07-21 02:59:40.737,1.0,0.4908738135297289,-0.30310489654779954,False,2025,Titik_02
20250721T025201_20250721T025155_T49MDP,2025-07-21 03:09:49.106,1.0,0.49342738325767405,-0.22584505002147573,False,2025,Titik_02
20250726T023611_20250726T025923_T49MDP,2025-07-26 03:00:00.498,1.0,0.4905169994603343,-0.3139005290062273,False,2025,Titik_02
20250803T024529_20250803T030654_T49MDP,2025-08-03 03:09:33.663,1.0,0.48977137233738577,-0.33645994316846484,False,2025,Titik_02
20250808T024541_20250808T030716_T49MDP,2025-08-08 03:09:51.562,0.09171924700803147,0.6226521607493899,3.68393127883656,True,2025,Titik_02
20250815T023611_20250815T025710_T49MDP,2025-08-15 02:59:57.378,1.0,0.4903807498174658,-0.31802284702327016,False,2025,Titik_02
20250904T023611_20250904T025918_T49MDP,2025-09-04 02:59:55.477,0.2086500111107586,0.5219163788598482,0.6361072999871111,False,2025,Titik_02
20250907T024601_20250907T030918_T49MDP,2025-09-07 03:09:49.317,1.0,0.4904480492682769,-0.3159866601183002,False,2025,Titik_02
20250927T024541_20250927T030709_T49MDP,2025-09-27 03:09:48.494,0.9951901209485412,0.4789130114395772,-0.6649864319153397,False,2025,Titik_02
20251009T023529_20251009T025419_T49MDP,2025-10-09 02:59:36.383,1.0,0.4907675311894858,-0.3063205351128173,False,2025,Titik_02
20251014T023701_20251014T025921_T49MDP,2025-10-14 02:59:49.765,0.9953131646614393,0.4878353914609711,-0.39503425337931536,False,2025,Titik_02
