year,scene_id,timestamp
2018,20180716T024551_20180716T030223_T49MDP,1531710574192
2018,20180728T023549_20180728T025431_T49MDP,1532746775072
2018,20180815T024551_20180815T025247_T49MDP,1534302572295
2019,20190226T024659_20190226T030922_T49MDP,1551150572000
2019,20190404T023549_20190404T025538_T49MDP,1554346781000
2019,20190504T023559_20190504T025011_T49MDP,1556938785000
2019,20190519T023551_20190519T025224_T49MDP,1558234781000
2019,20190522T024551_20190522T030920_T49MDP,1558494576000
2019,20190601T024551_20190601T030535_T49MDP,1559358575000
2019,20190611T024551_20190611T030902_T49MDP,1560222575000
2019,20190618T023551_20190618T025810_T49MDP,1560826781000
2019,20190626T024559_20190626T030407_T49MDP,1561518581000
2019,20190628T023551_20190628T025623_T49MDP,1561690782579
2019,20190701T024551_20190701T030625_T49MDP,1561950577881
2019,20190706T024559_20190706T030606_T49MDP,1562382581000
2019,20190708T023551_20190708T025237_T49MDP,1562554783000
2019,20190711T024551_20190711T030831_T49MDP,1562814578000
2019,20190713T023559_20190713T025544_T49MDP,1562986786815
2019,20190718T023551_20190718T025226_T49MDP,1563418783212
2019,20190721T024551_20190721T030846_T49MDP,1563678578245
2019,20190723T023559_20190723T025812_T49MDP,1563850786550
2019,20190726T024559_20190726T030407_T49MDP,1564110581468
2019,20190728T023551_20190728T025707_T49MDP,1564282782876
2019,20190731T024551_20190731T030806_T49MDP,1564542577796
2019,20190802T023559_20190802T024924_T49MDP,1564714785888
2019,20190805T024559_20190805T030500_T49MDP,1564974580701
2019,20190807T023551_20190807T025153_T49MDP,1565146779837
2019,20190810T024551_20190810T030903_T49MDP,1565406576938
2019,20190812T023559_20190812T025542_T49MDP,1565578784781
2019,20190815T024549_20190815T025848_T49MDP,1565838579495
2019,20190817T023551_20190817T025810_T49MDP,1566010781034
2019,20190820T024551_20190820T030126_T49MDP,1566270575698
2019,20190825T024549_20190825T030215_T49MDP,1566702577873
2019,20190901T023549_20190901T025007_T49MDP,1567306781431
2019,20190904T024549_20190904T030307_T49MDP,1567566575869
2019,20190906T023551_20190906T025231_T49MDP,1567738777481
2019,20190909T024551_20190909T030858_T49MDP,1567998571885
2019,20190911T023549_20190911T025344_T49MDP,1568170779066
2019,20190914T024549_20190914T030403_T49MDP,1568430573394
2019,20190916T023551_20190916T025220_T49MDP,1568602777181
2019,20190919T024551_20190919T025704_T49MDP,1568862572849
2019,20190921T023549_20190921T025803_T49MDP,1569034777355
2019,20190924T024549_20190924T030840_T49MDP,1569294572847
2019,20190926T023551_20190926T025807_T49MDP,1569466778979
2019,20191004T024549_20191004T030641_T49MDP,1570158573849
2019,20191006T023551_20191006T025154_T49MDP,1570330779813
2019,20191009T024621_20191009T030737_T49MDP,1570590575675
2019,20191021T023729_20191021T025654_T49MDP,1571626779188
2019,20191031T023829_20191031T025517_T49MDP,1572490778686
2019,20191105T023901_20191105T025713_T49MDP,1572922780930
2019,20191110T023929_20191110T025910_T49MDP,1573354777501
2019,20191115T023951_20191115T025622_T49MDP,1573786779939
2019,20191118T025011_20191118T030042_T49MDP,1574046574574
2019,20191125T024031_20191125T025355_T49MDP,1574650778262
2020,20200119T024019_20200119T025741_T49MDP,1579402771791
2020,20200122T025019_20200122T030829_T49MDP,1579662566531
2020,20200312T024549_20200312T030853_T49MDP,1583982571074
2020,20200322T024549_20200322T030126_T49MDP,1584846567853
2020,20200521T024549_20200521T030558_T49MDP,1590030573381
2020,20200612T023601_20200612T025813_T49MDP,1591930784272
2020,20200630T024549_20200630T030926_T49MDP,1593486576736
2020,20200705T024551_20200705T030848_T49MDP,1593918577715
2020,20200717T023549_20200717T025309_T49MDP,1594954779246
2020,20200720T024549_20200720T030400_T49MDP,1595214574767
2020,20200722T023551_20200722T025700_T49MDP,1595386783321
2020,20200725T024551_20200725T030542_T49MDP,1595646578625
2020,20200727T023549_20200727T025129_T49MDP,1595818780446
2020,20200730T024549_20200730T030622_T49MDP,1596078575817
2020,20200801T023551_20200801T025925_T49MDP,1596250783865
2020,20200814T024551_20200814T030430_T49MDP,1597374579025
2020,20200816T023549_20200816T025908_T49MDP,1597546781548
2020,20200819T024549_20200819T025942_T49MDP,1597806576681
2020,20200821T023551_20200821T025827_T49MDP,1597978783701
2020,20200824T024551_20200824T025955_T49MDP,1598238578603
2020,20200826T023549_20200826T024916_T49MDP,1598410781456
2020,20200829T024549_20200829T030746_T49MDP,1598670576444
2020,20200831T023551_20200831T025319_T49MDP,1598842782958
2020,20200910T023551_20200910T025814_T49MDP,1599706781769
2020,20200915T023549_20200915T025906_T49MDP,1600138779940
2020,20200918T024549_20200918T025940_T49MDP,1600398574821
2020,20200920T023551_20200920T025906_T49MDP,1600570782890
2020,20201107T024919_20201107T030917_T49MDP,1604718575006
2020,20201112T024951_20201112T030320_T49MDP,1605150576992
2021,20210227T023641_20210227T024948_T49MDP,1614394777864
2021,20210403T023549_20210403T025913_T49MDP,1617418775951
2021,20210413T023549_20210413T025829_T49MDP,1618282774329
2021,20210416T024539_20210416T025927_T49MDP,1618542568831
2021,20210421T024541_20210421T025916_T49MDP,1618974568453
2021,20210423T023539_20210423T025728_T49MDP,1619146772236
2021,20210426T024539_20210426T030731_T49MDP,1619406568067
2021,20210511T024551_20210511T025920_T49MDP,1620702572471
2021,20210516T024549_20210516T025931_T49MDP,1621134572355
2021,20210521T024551_20210521T025921_T49MDP,1621566573521
2021,20210605T024549_20210605T030737_T49MDP,1622862574106
2021,20210607T023551_20210607T025518_T49MDP,1623034778789
2021,20210705T024549_20210705T030737_T49MDP,1625454574619
2021,20210707T023551_20210707T025715_T49MDP,1625626780685
2021,20210710T024551_20210710T025924_T49MDP,1625886576023
2021,20210720T024551_20210720T025924_T49MDP,1626750576478
2021,20210725T024549_20210725T030738_T49MDP,1627182575107
2021,20210727T023551_20210727T024855_T49MDP,1627354781422
2021,20210730T024551_20210730T030322_T49MDP,1627614576405
2021,20210801T023549_20210801T025917_T49MDP,1627786779628
2021,20210811T023549_20210811T024906_T49MDP,1628650778677
2021,20210814T024549_20210814T025932_T49MDP,1628910573370
2021,20210816T023551_20210816T024857_T49MDP,1629082780494
2021,20210826T023551_20210826T024856_T49MDP,1629946779928
2021,20210910T023549_20210910T025912_T49MDP,1631242774428
2021,20210918T024551_20210918T025923_T49MDP,1631934575195
2021,20210920T023549_20210920T025731_T49MDP,1632106775012
2021,20210928T024551_20210928T030323_T49MDP,1632798577107
2021,20210930T023549_20210930T025835_T49MDP,1632970777343
2021,20211005T023551_20211005T025522_T49MDP,1633402782916
2021,20211008T024621_20211008T025950_T49MDP,1633662578266
2021,20211010T023619_20211010T025904_T49MDP,1633834778894
2022,20220528T023549_20220528T024905_T49MDP,1653706778153
2022,20220531T024549_20220531T025932_T49MDP,1653966573008
2022,20220705T024541_20220705T025914_T49MDP,1656990586189
2022,20220710T024529_20220710T025916_T49MDP,1657422577792
2022,20220720T024529_20220720T025916_T49MDP,1658286578005
2022,20220809T024529_20220809T025915_T49MDP,1660014577072
2022,20220814T024541_20220814T025855_T49MDP,1660446585470
2022,20220819T024529_20220819T025913_T49MDP,1660878575024
2022,20220829T024529_20220829T025912_T49MDP,1661742573720
2022,20220915T023529_20220915T024846_T49MDP,1663210779998
2022,20220925T023529_20220925T024845_T49MDP,1664074778757
2023,20230121T025021_20230121T030356_T49MDP,1674270568381
2023,20230309T023531_20230309T024832_T49MDP,1678330772994
2023,20230319T023531_20230319T024832_T49MDP,1679194776172
2023,20230501T024531_20230501T030328_T49MDP,1682910569157
2023,20230501T024531_20230501T030925_T49MDP,1682910575656
2023,20230513T023529_20230513T024836_T49MDP,1683946781114
2023,20230516T024529_20230516T025857_T49MDP,1684206577299
2023,20230521T024531_20230521T030833_T49MDP,1684638575734
2023,20230526T024529_20230526T025858_T49MDP,1685070577849
2023,20230528T023531_20230528T024830_T49MDP,1685242781675
2023,20230531T024531_20230531T025857_T49MDP,1685502576965
2023,20230610T024531_20230610T025651_T49MDP,1686366572400
2023,20230610T024531_20230610T030928_T49MDP,1686366578878
2023,20230625T024529_20230625T025858_T49MDP,1687662577498
2023,20230627T023531_20230627T024830_T49MDP,1687834781694
2023,20230630T024531_20230630T030607_T49MDP,1688094577460
2023,20230705T024529_20230705T025859_T49MDP,1688526578526
2023,20230710T024531_20230710T025859_T49MDP,1688958578380
2023,20230712T023529_20230712T024831_T49MDP,1689130782883
2023,20230717T023531_20230717T024831_T49MDP,1689562782673
2023,20230720T024531_20230720T030834_T49MDP,1689822577099
2023,20230722T023539_20230722T024833_T49MDP,1689994784008
2023,20230725T024529_20230725T025859_T49MDP,1690254579112
2023,20230727T023531_20230727T025835_T49MDP,1690426783130
2023,20230804T024529_20230804T030444_T49MDP,1691118577745
2023,20230821T023529_20230821T025345_T49MDP,1692586782878
2023,20230824T024529_20230824T030226_T49MDP,1692846577246
2023,20230826T023531_20230826T025557_T49MDP,1693018784005
2023,20230829T024531_20230829T030547_T49MDP,1693278578712
2023,20230831T023529_20230831T025334_T49MDP,1693450782767
2023,20230903T024529_20230903T030224_T49MDP,1693710577886
2023,20230905T023531_20230905T025556_T49MDP,1693882783399
2023,20230910T023529_20230910T025226_T49MDP,1694314781959
2023,20230913T024529_20230913T030225_T49MDP,1694574576346
2023,20230915T023531_20230915T025555_T49MDP,1694746782083
2023,20230918T024531_20230918T030548_T49MDP,1695006576190
2023,20230920T023529_20230920T024830_T49MDP,1695178781622
2023,20230930T023529_20230930T024829_T49MDP,1696042780242
2023,20231005T023541_20231005T025838_T49MDP,1696474779280
2023,20231010T023619_20231010T024915_T49MDP,1696906779499
2023,20231013T024649_20231013T030011_T49MDP,1697166575253
2023,20231018T024711_20231018T030041_T49MDP,1697598572550
2023,20231028T024821_20231028T025537_T49MDP,1698462572991
2023,20231030T023829_20231030T025125_T49MDP,1698634780099
2023,20231102T024849_20231102T030217_T49MDP,1698894575725
2023,20231114T023941_20231114T025517_T49MDP,1699930777010
2023,20231119T024009_20231119T025302_T49MDP,1700362775709
2023,20231217T025121_20231217T030912_T49MDP,1702782569202
2024,20240215T024811_20240215T030603_T49MDP,1707966570828
2024,20240220T024739_20240220T030910_T49MDP,1708398573936
2024,20240323T023531_20240323T025520_T49MDP,1711162779221
2024,20240502T023551_20240502T025256_T49MDP,1714618780887
2024,20240507T023529_20240507T025421_T49MDP,1715050778804
2024,20240515T024551_20240515T030911_T49MDP,1715742575954
2024,20240616T023529_20240616T025423_T49MDP,1718506780928
2024,20240621T023551_20240621T025648_T49MDP,1718938782949
2024,20240714T024531_20240714T030638_T49MDP,1720926575309
2024,20240716T023529_20240716T025424_T49MDP,1721098781090
2024,20240719T024529_20240719T030657_T49MDP,1721358576580
2024,20240724T024551_20240724T030651_T49MDP,1721790575272
2024,20240726T023529_20240726T025546_T49MDP,1721962780701
2024,20240729T024529_20240729T025855_T49MDP,1722222574854
2024,20240731T023551_20240731T025603_T49MDP,1722394780653
2024,20240803T024531_20240803T030547_T49MDP,1722654575675
2024,20240810T023551_20240810T025550_T49MDP,1723258779187
2024,20240813T024531_20240813T030507_T49MDP,1723518574677
2024,20240815T023529_20240815T025522_T49MDP,1723690781728
2024,20240818T024529_20240818T030428_T49MDP,1723950575463
2024,20240820T023551_20240820T025657_T49MDP,1724122776972
2024,20240825T023529_20240825T025519_T49MDP,1724554778538
2024,20240902T024551_20240902T030315_T49MDP,1725246572825
2024,20240904T023529_20240904T024811_T49MDP,1725418780812
2024,20240907T024529_20240907T030309_T49MDP,1725678575623
2024,20240909T023531_20240909T025507_T49MDP,1725850777409
2024,20240917T024529_20240917T030915_T49MDP,1726542570577
2024,20240919T023551_20240919T025427_T49MDP,1726714778774
2024,20240927T024529_20240927T025853_T49MDP,1727406572928
2024,20240929T023531_20240929T025850_T49MDP,1727578780175
2024,20241009T023611_20241009T025411_T49MDP,1728442775299
2024,20241012T024641_20241012T030427_T49MDP,1728702571300
2024,20241027T024719_20241027T030850_T49MDP,1729998573997
2024,20241029T023821_20241029T025815_T49MDP,1730170778706
2025,20250306T024529_20250306T030656_T49MDP,1741230576217
2025,20250422T023529_20250422T025422_T49MDP,1745290779388
2025,20250525T024529_20250525T030054_T49MDP,1748142574415
2025,20250530T024611_20250530T025909_T49MDP,1748574593405
2025,20250604T024529_20250604T030654_T49MDP,1749006573530
2025,20250606T023551_20250606T024851_T49MDP,1749178798566
2025,20250621T023529_20250621T025421_T49MDP,1750474778996
2025,20250626T023611_20250626T025921_T49MDP,1750906798436
2025,20250701T023529_20250701T025108_T49MDP,1751338780955
2025,20250701T025151_20250701T030648_T49MDP,1751339390366
2025,20250704T024529_20250704T030657_T49MDP,1751598576419
2025,20250709T024611_20250709T030856_T49MDP,1752030596081
2025,20250718T024151_20250718T025106_T49MDP,1752807597447
2025,20250721T023529_20250721T025423_T49MDP,1753066780737
2025,20250721T025201_20250721T025155_T49MDP,1753067389106
2025,20250726T023611_20250726T025923_T49MDP,1753498800498
2025,20250803T024529_20250803T030654_T49MDP,1754190573663
2025,20250808T024541_20250808T030716_T49MDP,1754622591562
2025,20250815T023611_20250815T025710_T49MDP,1755226797378
2025,20250904T023611_20250904T025918_T49MDP,1756954795477
2025,20250907T024601_20250907T030918_T49MDP,1757214589317
2025,20250927T024541_20250927T030709_T49MDP,1758942588494
2025,20251009T023529_20251009T025419_T49MDP,1759978776383
2025,20251014T023701_20251014T025921_T49MDP,1760410789765
